{"trial_num":{"0":0,"1":1,"2":2,"3":3,"4":4,"5":5,"6":6,"7":7,"8":8,"9":9,"10":10,"11":11,"12":12,"13":13,"14":14,"15":15,"16":16,"17":17,"18":18,"19":19,"20":20,"21":21,"22":22,"23":23,"24":24,"25":25,"26":26,"27":27,"28":28,"29":29,"30":30,"31":31,"32":32,"33":33,"34":34,"35":35,"36":36,"37":37,"38":38,"39":39,"40":40,"41":41,"42":42,"43":43,"44":44,"45":45,"46":46,"47":47,"48":48,"49":49,"50":0,"51":1,"52":2,"53":3,"54":4,"55":5,"56":6,"57":7,"58":8,"59":9,"60":10,"61":11,"62":12,"63":13,"64":14,"65":15,"66":16,"67":17,"68":18,"69":19,"70":20,"71":21,"72":22,"73":23,"74":24,"75":25,"76":26,"77":27,"78":28,"79":29,"80":30},"pred":{"0":0.4444444444,"1":0.3333333333,"2":0.3333333333,"3":0.8888888889,"4":0.6666666667,"5":0.4444444444,"6":0.6666666667,"7":0.7777777778,"8":0.5555555556,"9":0.2222222222,"10":0.4444444444,"11":0.5555555556,"12":0.6666666667,"13":0.4444444444,"14":0.2222222222,"15":0.6666666667,"16":0.4444444444,"17":0.3333333333,"18":0.2222222222,"19":0.3333333333,"20":0.2222222222,"21":0.6666666667,"22":0.4444444444,"23":0.4444444444,"24":0.1111111111,"25":0.4444444444,"26":0.4444444444,"27":0.5555555556,"28":0.4444444444,"29":0.3333333333,"30":0.6666666667,"31":0.6666666667,"32":0.3333333333,"33":0.7777777778,"34":0.0,"35":0.5555555556,"36":0.4444444444,"37":0.4444444444,"38":0.3333333333,"39":0.7777777778,"40":0.4444444444,"41":0.3333333333,"42":0.4444444444,"43":0.4444444444,"44":0.3333333333,"45":0.5555555556,"46":0.2222222222,"47":0.5555555556,"48":0.3333333333,"49":0.6666666667,"50":0.3333333333,"51":0.2222222222,"52":0.1111111111,"53":0.5555555556,"54":0.5555555556,"55":0.5555555556,"56":0.2222222222,"57":0.6666666667,"58":0.6666666667,"59":0.6666666667,"60":0.5555555556,"61":0.5555555556,"62":0.6666666667,"63":0.4444444444,"64":0.6666666667,"65":0.6666666667,"66":0.5555555556,"67":0.6666666667,"68":0.7777777778,"69":0.5555555556,"70":0.5555555556,"71":0.4444444444,"72":0.4444444444,"73":0.4444444444,"74":0.7777777778,"75":0.7777777778,"76":0.4444444444,"77":0.5555555556,"78":0.7777777778,"79":0.5555555556,"80":0.5555555556},"type":{"0":"training","1":"training","2":"training","3":"training","4":"training","5":"training","6":"training","7":"training","8":"training","9":"training","10":"training","11":"training","12":"training","13":"training","14":"training","15":"training","16":"training","17":"training","18":"training","19":"training","20":"training","21":"training","22":"training","23":"training","24":"training","25":"training","26":"training","27":"training","28":"training","29":"training","30":"training","31":"training","32":"training","33":"training","34":"training","35":"training","36":"training","37":"training","38":"training","39":"training","40":"training","41":"training","42":"training","43":"training","44":"training","45":"training","46":"training","47":"training","48":"training","49":"training","50":"test","51":"test","52":"test","53":"test","54":"test","55":"test","56":"test","57":"test","58":"test","59":"test","60":"test","61":"test","62":"test","63":"test","64":"test","65":"test","66":"test","67":"test","68":"test","69":"test","70":"test","71":"test","72":"test","73":"test","74":"test","75":"test","76":"test","77":"test","78":"test","79":"test","80":"test"}}